Name,Email,"Contact Number",Hobbies,Address,City,Roles
cleaneatingmom,https://www.instagram.com/cleaneatingmom/,10820,"Reading, Sports, Music",,Instagram,
susanniebergallfitne...,https://www.instagram.com/susanniebergallfitness/,160261,"Reading, Sports, Music",,Instagram,
broccoli_mum,https://www.instagram.com/broccoli_mum/?img_index=1,119736,"Reading, Sports, Music",,Instagram,
lanae_avila,https://instagram.com/lanae_avila?igshid=NjIwNzIyMDk2Mg==,124000,"Reading, Sports, Music",,Instagram,
gina.vsg,https://www.instagram.com/gina.vsg/,7799,"Reading, Sports, Music",,Instagram,
weightlossfornewcome...,https://www.instagram.com/weightlossfornewcomer/,26432,"Reading, Sports, Music",,Instagram,
weightloss.fresh,https://www.instagram.com/weightloss.fresh/,13197,"Reading, Sports, Music",,Instagram,
britts_bits_gets_fit,https://www.instagram.com/britts_bits_gets_fit/,3443,"Reading, Sports, Music",,Instagram,
kiacsa,https://www.instagram.com//,35085,"Reading, Sports, Music",,Instagram,
bobalongwithkirsty,https://www.instagram.com/bobalongwithkirsty/,35085,"Reading, Sports, Music",,Instagram,
leanbeefpatty,https://instagram.com/leanbeefpatty?igshid=NjIwNzIyMDk2Mg==,5600000,"Reading, Sports, Music","fitness/ gym",Instagram,
gainsbykatt,https://instagram.com/gainsbykatt?igshid=NjIwNzIyMDk2Mg==,182000,"Reading, Sports, Music",,Instagram,
weightloss.with.bff,https://www.instagram.com/weightloss.with.bff/,17692,"Reading, Sports, Music",,Instagram,
breannahcortez,https://instagram.com/breannahcortez?igshid=NjIwNzIyMDk2Mg==,65700,"Reading, Sports, Music","fitness and nutritio...",Instagram,
emilyjoel10,https://instagram.com/emilyjoel10?igshid=NjIwNzIyMDk2Mg==,152000,"Reading, Sports, Music",,Instagram,
kira__paige,https://instagram.com/kira__paige?igshid=NjIwNzIyMDk2Mg==,227000,"Reading, Sports, Music",,Instagram,
chasejosephson,https://instagram.com/chasejosephson?igshid=NjIwNzIyMDk2Mg==,70600,"Reading, Sports, Music",,Instagram,
rachel.gil,https://instagram.com/rachel.gil?igshid=NjIwNzIyMDk2Mg==,320000,"Reading, Sports, Music",,Instagram,
"laura Spath",https://instagram.com/lauraespath?igshid=MzRlODBiNWFlZA==,118000,"Reading, Sports, Music",,Instagram,
zestmylemon,https://www.instagram.com/zestmylemon,554351,"Reading, Sports, Music",,Instagram,
hulky_dad,https://www.instagram.com/p/CxevfASLf4i/?utm_source=ig_web_copy_link&igshid=MzRlODBiNWFlZA==,28900,"Reading, Sports, Music",,Instagram,
noahhxnry,https://www.instagram.com/p/Ca3QLxtMzws/?utm_source=ig_web_copy_link&igshid=MzRlODBiNWFlZA==,14600,"Reading, Sports, Music",,Instagram,
tipshareweightloss,https://instagram.com/tipshareweightloss?igshid=NTc4MTIwNjQ2YQ==,17100,"Reading, Sports, Music",,Instagram,
laura.weightloss1995,https://instagram.com/laura.weightloss1995?igshid=NTc4MTIwNjQ2YQ==,11500,"Reading, Sports, Music",,Instagram,
theweightloss.nutrit...,https://instagram.com/theweightloss.nutritionist?igshid=NGVhN2U2NjQ0Yg==,93000,"Reading, Sports, Music",,Instagram,
loseittogether,https://instagram.com/loseittogether?igshid=NTc4MTIwNjQ2YQ==,68000,"Reading, Sports, Music",,Instagram,
virginiawillis,https://instagram.com/virginiawillis?igshid=NGVhN2U2NjQ0Yg==,25000,"Reading, Sports, Music",,Instagram,
today.loseweight,https://instagram.com/today.loseweight?igshid=NTc4MTIwNjQ2YQ==,28400,"Reading, Sports, Music",,Instagram,
easy_weightloss0,https://instagram.com/easy_weightloss0?igshid=NTc4MTIwNjQ2YQ==,66600,"Reading, Sports, Music",,Instagram,
muscleandstrength,https://www.instagram.com/p/Cw5Z_yxOl6r/?utm_source=ig_web_copy_link&igshid=MzRlODBiNWFlZA==,46700,"Reading, Sports, Music",,Instagram,
theworkoutwitch_,https://instagram.com/theworkoutwitch_?igshid=NGVhN2U2NjQ0Yg==,646000,"Reading, Sports, Music",,Instagram,
dietitian.andie,https://instagram.com/dietitian.andie?igshid=NGVhN2U2NjQ0Yg==,37000,"Reading, Sports, Music",,Instagram,
lukearangel,https://instagram.com/lukearangel?igshid=NGVhN2U2NjQ0Yg==,31000,"Reading, Sports, Music",,Instagram,
atrevinostrength,https://www.instagram.com/p/Cwp6gT7R0Ci/?utm_source=ig_web_copy_link&igshid=MzRlODBiNWFlZA==,12900,"Reading, Sports, Music",,Instagram,
nonstop_brolicbailey,https://www.instagram.com/p/Cv-IuA7O8WJ/?utm_source=ig_web_copy_link&igshid=MzRlODBiNWFlZA==,20600,"Reading, Sports, Music",,Instagram,
traceymallett,https://www.instagram.com/p/CxDlrv7rzph/?utm_source=ig_web_copy_link&igshid=MzRlODBiNWFlZA==,21400,"Reading, Sports, Music",,Instagram,
4weeks2thebeach,https://www.instagram.com/p/CxVWsdxLb5R/?utm_source=ig_web_copy_link&igshid=MzRlODBiNWFlZA==,40400,"Reading, Sports, Music",,Instagram,
kimberly_hooks_,https://www.instagram.com/reel/Cnkl_ftIQ4L/?utm_source=ig_web_copy_link&igshid=MzRlODBiNWFlZA==,38000,"Reading, Sports, Music",,Instagram,
andrea._fit,https://www.instagram.com/p/CwNcCC0LjAA/?utm_source=ig_web_copy_link&igshid=MzRlODBiNWFlZA==,20800,"Reading, Sports, Music",,Instagram,
deliciouslyfitnhealt...,https://www.instagram.com/reel/Cw519aGSpdv/?utm_source=ig_web_copy_link&igshid=MzRlODBiNWFlZA==,71600,"Reading, Sports, Music",,Instagram,
maddiekossin,https://www.instagram.com/maddiekossin/,43800,"Reading, Sports, Music","CUSTOM FAT LOSS PLAN...",Instagram,
iam_baegoals,https://www.instagram.com/iam_baegoals/,11700,"Reading, Sports, Music","üé§Comedian üèãüèΩ‚Äç‚ôÄÔ∏èW...",Instagram,
codymcbroom,https://www.instagram.com/reel/CpqPKHTAhPE/?utm_source=ig_web_copy_link&igshid=MzRlODBiNWFlZA==,42300,"Reading, Sports, Music",,Instagram,
activeliferx,https://www.instagram.com/reel/ChCoUKNjleO/?utm_source=ig_web_copy_link&igshid=MzRlODBiNWFlZA==,70600,"Reading, Sports, Music",,Instagram,
drjohnrusin,https://www.instagram.com/p/Cq0K0PMLflZ/?utm_source=ig_web_copy_link&igshid=MzRlODBiNWFlZA==,31100,"Reading, Sports, Music",,Instagram,
healthyish_annaa,https://instagram.com/healthyish_annaa?igshid=NTc4MTIwNjQ2YQ==,68800,"Reading, Sports, Music",,Instagram,
maren.naue,https://instagram.com/maren.naue?igshid=NTc4MTIwNjQ2YQ==,91500,"Reading, Sports, Music",,Instagram,
marcus__rice,https://www.instagram.com/p/Cr4g5pvrfVi/?utm_source=ig_web_copy_link&igshid=MzRlODBiNWFlZA==,98800,"Reading, Sports, Music",,Instagram,
corrimayo,https://www.instagram.com/p/CniayEoOBzA/?utm_source=ig_web_copy_link&igshid=MzRlODBiNWFlZA==,6305,"Reading, Sports, Music",,Instagram,
josievr,https://www.instagram.com/reel/CqbFP57gfbE/?utm_source=ig_web_copy_link&igshid=MzRlODBiNWFlZA==,11300,"Reading, Sports, Music",,Instagram,
thehuskulargoddess,https://www.instagram.com/reel/CsXH-wKgWIN/?utm_source=ig_web_copy_link&igshid=MzRlODBiNWFlZA==,16900,"Reading, Sports, Music",,Instagram,
daniedsonwellness,https://www.instagram.com/p/ClxGCOeLhFb/?utm_source=ig_web_copy_link,70800,"Reading, Sports, Music",,Instagram,
kevstrength,https://www.instagram.com/reel/CxBKHMnOERv/?utm_source=ig_web_copy_link&igshid=MzRlODBiNWFlZA==,11600,"Reading, Sports, Music",,Instagram,
usa.weightloss.ig,https://www.instagram.com/usa.weightloss.ig/,36715,"Reading, Sports, Music",,Instagram,
growthwithtess,https://www.instagram.com/reel/CkrLeqVOKbQ/?utm_source=ig_web_copy_link&igshid=MzRlODBiNWFlZA==,15900,"Reading, Sports, Music",,Instagram,
weightloss_soulandco...,https://www.instagram.com/weightloss_soulandcourage/,99227,"Reading, Sports, Music",,Instagram,
"About this account",https://www.instagram.com/weightloss_exercise_diet/,35662,"Reading, Sports, Music",,Instagram,
weightloss.kerry,https://www.instagram.com/weightloss.kerry/,45669,"Reading, Sports, Music",,Instagram,
weightloss.dietplan,https://instagram.com/weightloss.dietplan?igshid=OGQ5ZDc2ODk2ZA==,65700,"Reading, Sports, Music",,Instagram,
healthy4gold,https://instagram.com/healthy4gold?igshid=OGQ5ZDc2ODk2ZA==,144000,"Reading, Sports, Music",,Instagram,
_maria_simpson,https://www.instagram.com/_maria_simpson/,5221,"Reading, Sports, Music",,Instagram,
kassie_beth_,https://www.instagram.com/kassie_beth_,36400,"Reading, Sports, Music","mom humor | home fit...",Instagram,
petecataldo,https://www.instagram.com/petecataldo/,6500,"Reading, Sports, Music",,Instagram,
josiahfitness,https://www.instagram.com/p/CuKSH72Ooof/?utm_source=ig_web_copy_link&igshid=MzRlODBiNWFlZA==,37200,"Reading, Sports, Music",,Instagram,
elisesbodyshop,https://www.instagram.com/reel/CxCDqINswGA/?utm_source=ig_web_copy_link&igshid=MzRlODBiNWFlZA==,87400,"Reading, Sports, Music",,Instagram,
themollygalbraith,https://www.instagram.com/reel/CqZOItBpVzo/?utm_source=ig_web_copy_link&igshid=MzRlODBiNWFlZA==,17000,"Reading, Sports, Music",,Gmail,
mzzsoto,https://www.instagram.com/mzzsoto/,8259,"Reading, Sports, Music",,Instagram,
kenziejo_clark,https://www.instagram.com/kenziejo_clark/,145000,"Reading, Sports, Music",,Instagram,
p4healthandwellness,https://www.instagram.com/p4healthandwellness/,31500,"Reading, Sports, Music",,Instagram,
amymakis,https://instagram.com/amymakis?igshid=NTc4MTIwNjQ2YQ==,8166,"Reading, Sports, Music",,Instagram,
shivladdin,https://www.instagram.com/p/CwGUwmlSBpN/?utm_source=ig_web_copy_link&igshid=MzRlODBiNWFlZA==,81400,"Reading, Sports, Music",,Instagram,
garrett_welsh_,https://www.instagram.com/reel/CtZZpXpJ0Ed/?utm_source=ig_web_copy_link&igshid=MzRlODBiNWFlZA==,48500,"Reading, Sports, Music",,Instagram,
bigbodybigdog,https://www.instagram.com/reel/CuNOPsyp4al/?utm_source=ig_web_copy_link&igshid=MzRlODBiNWFlZA==,28600,"Reading, Sports, Music",,Instagram,
thenicklifts,https://www.instagram.com/p/Cw74eTcu_t4/?utm_source=ig_web_copy_link&igshid=MzRlODBiNWFlZA==,15800,"Reading, Sports, Music",,Instagram,
a.healthy.happier.me,https://www.instagram.com/reel/CpAimBTvRTV/?utm_source=ig_web_copy_link&igshid=MzRlODBiNWFlZA==,18800,"Reading, Sports, Music",,Instagram,
biolayne,https://www.instagram.com/biolayne/,852000,"Reading, Sports, Music",,Instagram,
danny.matranga,https://www.instagram.com/danny.matranga/,156000,"Reading, Sports, Music",,Instagram,
121resultswithkaty,https://www.instagram.com/121resultswithkaty/?hl=en,10646,"Reading, Sports, Music",,Instagram,
meganroseporter,https://www.instagram.com/meganroseporter/?hl=en,19785,"Reading, Sports, Music",,Instagram,
thehiithustler,https://www.instagram.com/thehiithustler/?hl=en,7988,"Reading, Sports, Music",,Instagram,
glowup.nutritionist,https://www.instagram.com/glowup.nutritionist/?hl=en,78349,"Reading, Sports, Music",,Instagram,
jenifer.loseweight,https://instagram.com/jenifer.loseweight?igshid=MzRlODBiNWFlZA==,38200,"Reading, Sports, Music",,Instagram,
lewishowes,https://www.instagram.com/reel/CrI-Qtztg1N/?utm_source=ig_web_copy_link&igshid=MzRlODBiNWFlZA==,209000,"Reading, Sports, Music",,Instagram,
mindbodygreen,https://www.instagram.com/p/CvifzUrxgBc/?utm_source=ig_web_copy_link&igshid=MzRlODBiNWFlZA==,103000,"Reading, Sports, Music",,Instagram,
count_cal_with_nicol...,https://www.instagram.com/count_cal_with_nicolax/,7035,"Reading, Sports, Music",,Instagram,
kimberlys_journeyy,https://www.instagram.com/kimberlys_journeyy/,95680,"Reading, Sports, Music",,Instagram,
georgiaskitchen_,https://www.instagram.com/georgiaskitchen_/,15104,"Reading, Sports, Music",,Instagram,
sweetlyseeley,https://www.instagram.com/sweetlyseeley/,20759,"Reading, Sports, Music",,Instagram,
rollerweightloss,https://www.instagram.com/rollerweightloss,5374,"Reading, Sports, Music",,Instagram,
phoenix.tribe.fitnes...,https://instagram.com/phoenix.tribe.fitness?igshid=OGQ5ZDc2ODk2ZA==,32200,"Reading, Sports, Music",,Instagram,
caloriehustlers,https://instagram.com/caloriehustlers?igshid=OGQ5ZDc2ODk2ZA==,12700,"Reading, Sports, Music",,Instagram,
iamsteelefit,https://instagram.com/iamsteelefit?igshid=NGVhN2U2NjQ0Yg==,25000,"Reading, Sports, Music",,Instagram,
sarahfordbishop,https://www.instagram.com/sarahfordbishop/,13161,"Reading, Sports, Music",Health,Instagram,
jefflater,https://www.instagram.com/jefflater/,119084,"Reading, Sports, Music",,Instagram,
kim.schaper,https://www.instagram.com/kim.schaper/,25256,"Reading, Sports, Music",,Instagram,
liftinglindsay,https://www.instagram.com/liftinglindsay/,90236,"Reading, Sports, Music",Nutrition,Instagram,
manuelacbarrientos,https://www.instagram.com/manuelacbarrientos/,12672,"Reading, Sports, Music",,Instagram,
eveguzmanofficial,https://www.instagram.com/eveguzmanofficial/,30859,"Reading, Sports, Music",,Instagram,
kaitannmichelle,https://www.instagram.com/kaitannmichelle,29253,"Reading, Sports, Music",,Instagram,
laurielivinlife,https://www.instagram.com/laurielivinlife/,44000,"Reading, Sports, Music",,Instagram,
cosmeticamedspa,https://www.instagram.com/cosmeticamedspa,340000,"Reading, Sports, Music",,Instagram,
1000lb_realitytv_upd...,https://www.instagram.com/1000lb_realitytv_updates/,22404,"Reading, Sports, Music",,Instagram,
wII.guide,https://instagram.com/wll.guide?igshid=MzRlODBiNWFlZA==,10300,"Reading, Sports, Music",,Instagram,
fitkenyangirl,https://www.instagram.com/fitkenyangirl/,73307,"Reading, Sports, Music",,Instagram,
karensweightogo,https://www.instagram.com/karensweightogo/,1552,"Reading, Sports, Music",,Instagram,
weightloss_forlove,https://instagram.com/weightloss_forlove?igshid=MzRlODBiNWFlZA==,43600,"Reading, Sports, Music",,Instagram,
weightlossclub_usa,https://www.instagram.com/weightlossclub_usa/,39569,"Reading, Sports, Music",,Instagram,
craig__edwards_,https://www.instagram.com/craig__edwards_,110212,"Reading, Sports, Music","health and fitness",Instagram,
lotushealthtips,https://instagram.com/lotushealthtips?igshid=MzRlODBiNWFlZA==,49100,"Reading, Sports, Music",,Instagram,
oldweightloss,https://instagram.com/oldweightloss?igshid=MzRlODBiNWFlZA==,43600,"Reading, Sports, Music",,Instagram,
flatbellyfix111,https://instagram.com/flatbellyfix111?igshid=MzRlODBiNWFlZA==,13700,"Reading, Sports, Music",,Instagram,
melissaweightloss,https://instagram.com/melissaweightloss?igshid=MzRlODBiNWFlZA==,112000,"Reading, Sports, Music",,Instagram,
kellyggarcez,https://instagram.com/kellyggarcez?igshid=NTc4MTIwNjQ2YQ==,177000,"Reading, Sports, Music",,Instagram,
manda__beckk,https://www.instagram.com/amanda__beckk/,228666,"Reading, Sports, Music","Exercise Science",Instagram,
haytayfitness,https://www.instagram.com/haytayfitness/,193900,"Reading, Sports, Music",,Instagram,
hannah_elizabeth_lee,https://www.instagram.com/hannah_elizabeth_lee/,193142,"Reading, Sports, Music",,Instagram,
makaylamcquoidfit,https://www.instagram.com/makaylamcquoidfit/,196195,"Reading, Sports, Music",,Instagram,
makaylaanisa,https://www.instagram.com/makaylaanisa/,551542,"Reading, Sports, Music",Fitness,Instagram,
jesgragghampton,https://www.instagram.com/jesgragghampton/,82887,"Reading, Sports, Music",,Instagram,
sophfsfitness,https://instagram.com/sophfsfitness?igshid=NTc4MTIwNjQ2YQ==,94900,"Reading, Sports, Music",,Instagram,
livlivinlife,https://instagram.com/livlivinlife__?igshid=NTc4MTIwNjQ2YQ==,132000,"Reading, Sports, Music",,Instagram,
mollyavafit,https://instagram.com/mollyavafit?igshid=NTc4MTIwNjQ2YQ==,340000,"Reading, Sports, Music",,Instagram,
weightlossfornewhome,https://instagram.com/weightlossfornewhome?igshid=NTc4MTIwNjQ2YQ==,45600,"Reading, Sports, Music",,Instagram,
elmint,https://instagram.com/elmint?igshid=NTc4MTIwNjQ2YQ==,180000,"Reading, Sports, Music",,Instagram,
niecy.d_vsg_journey,https://www.instagram.com/reel/CwyWbNdvUyJ/?utm_source=ig_web_copy_link&igshid=MzRlODBiNWFlZA==,2100,"Reading, Sports, Music",,Instagram,
malcolmsolomon,https://www.instagram.com/malcolmsolomon/,335000,"Reading, Sports, Music",,Instagram,
fatlosseverybody,https://instagram.com/fatlossforeverybody?igshid=MzRlODBiNWFlZA==,14700,"Reading, Sports, Music",,Instagram,
gohealthy.journey,https://instagram.com/gothealthy.journey?igshid=MzRlODBiNWFlZA==,11600,"Reading, Sports, Music",,Instagram,
ara.xrjourney,https://instagram.com/ara.xrjourney?igshid=NGVhN2U2NjQ0Yg==,46500,"Reading, Sports, Music",,Instagram,
weightloss030,https://instagram.com/weightloss030?igshid=NGVhN2U2NjQ0Yg==,164000,"Reading, Sports, Music",,Instagram,
realjaredhamilton,https://instagram.com/realjaredhamilton?igshid=MmU2YjMzNjRlOQ==,59000,"Reading, Sports, Music",,Instagram,
weightloss.go,https://instagram.com/weightloss.go?igshid=NGVhN2U2NjQ0Yg==,113000,"Reading, Sports, Music",,Instagram,
kindlykassy,https://www.instagram.com/kindlykassy/,14877,"Reading, Sports, Music",,Instagram,
chelsgainshealth,https://www.instagram.com/chelsgainshealth/,35663,"Reading, Sports, Music",,Instagram,
losin.with.lauren,https://www.instagram.com/losin.with.lauren/,6500,"Reading, Sports, Music",,Instagram,
weightloss_transform...,https://www.instagram.com/p/CwnXiRJLnBd/?utm_source=ig_web_copy_link&igshid=MzRlODBiNWFlZA==,3008,"Reading, Sports, Music",,Instagram,
colleen_getslean,https://www.instagram.com/p/CwvghRQSxPC/?utm_source=ig_web_copy_link&igshid=MzRlODBiNWFlZA==,10300,"Reading, Sports, Music",,Instagram,
ash_haysfit,https://www.instagram.com/ash_haysfit/,101000,"Reading, Sports, Music",fitness,Instagram,
_finallyallison,https://instagram.com/_finallyallison?igshid=NTc4MTIwNjQ2YQ==,,"Reading, Sports, Music",,Instagram,
katpadgettfit,https://www.instagram.com/p/ClO3VDjumpI/?utm_source=ig_web_copy_link&igshid=MzRlODBiNWFlZA==,42900,"Reading, Sports, Music",,Instagram,
angelinafischerfitne...,https://www.instagram.com/reel/CwTBHCBMqP8/?utm_source=ig_web_copy_link&igshid=MzRlODBiNWFlZA==,4897,"Reading, Sports, Music",,Instagram,
fit_krizzle,https://www.instagram.com/p/Cv7UzymOnBA/?utm_source=ig_web_copy_link&igshid=MzRlODBiNWFlZA==,40400,"Reading, Sports, Music",,Instagram,
madison.johnsonn,https://www.instagram.com/reel/CwsVkJHrIev/?utm_source=ig_web_copy_link&igshid=MzRlODBiNWFlZA==,37900,"Reading, Sports, Music",,Instagram,
presleykp.fit,https://www.instagram.com/p/CwQrbzzvhGc/?utm_source=ig_web_copy_link&igshid=MzRlODBiNWFlZA==,40400,"Reading, Sports, Music",,Instagram,
deshasharee,https://www.instagram.com/deshasharee/,124000,"Reading, Sports, Music",,Instagram,
myweightishistory,https://www.instagram.com/p/CuaBanHJULn/?utm_source=ig_web_copy_link&igshid=MzRlODBiNWFlZA==,6399,"Reading, Sports, Music",,Instagram,
losingforhealthandag...,https://www.instagram.com/losingforhealthandaguccibelt/,13000,"Reading, Sports, Music",,Instagram,
bigjohn_fit,https://www.instagram.com/bigjohn_fit/,173000,"Reading, Sports, Music",fitness,Instagram,
ricolift_,https://instagram.com/ricolift_?igshid=MmU2YjMzNjRlOQ==,107000,"Reading, Sports, Music",,Instagram,
holly_hillyer,https://instagram.com/holly_hillyer?igshid=MmU2YjMzNjRlOQ==,89000,"Reading, Sports, Music",,Instagram,
naysgrace,https://instagram.com/naysgrace?igshid=MmU2YjMzNjRlOQ==,24000,"Reading, Sports, Music",,Instagram,
mrcoachcody_scoobypr...,https://www.instagram.com/mrcoachcody_scoobyprep/,27145,"Reading, Sports, Music","Body Transformation",Instagram,
tayl0rfit_,https://www.instagram.com/tayl0rfit_,160748,"Reading, Sports, Music",,Instagram,
body_by_zarina,https://www.instagram.com/body_by_zarina/,258242,"Reading, Sports, Music",,Instagram,
proffeequeenkt,https://www.instagram.com/proffeequeenkt/,5700,"Reading, Sports, Music",,Instagram,
transformingteresama...,https://www.instagram.com/transformingteresamarie/,89205,"Reading, Sports, Music",,Instagram,
iam_makitaharvey,https://www.instagram.com/iam_makitaharvey/,46056,"Reading, Sports, Music",,Instagram,
anna.journeys,https://instagram.com/anna.journeys?igshid=MzRlODBiNWFlZA==,27400,"Reading, Sports, Music",,Instagram,
thecaloriedeficitque...,https://www.instagram.com/thecaloriedeficitqueen/,205893,"Reading, Sports, Music",,Instagram,
toughcookiemom,https://www.instagram.com/toughcookiemom/,12310,"Reading, Sports, Music",,Instagram,
blackwomenlosingweig...,https://instagram.com/blackwomenlosingweight?igshid=MzRlODBiNWFlZA==,512000,"Reading, Sports, Music",,Instagram,
alexskitchenbangers,https://www.instagram.com/reel/CwpZmCmIUTC/?utm_source=ig_web_copy_link&igshid=MzRlODBiNWFlZA==,292000,"Reading, Sports, Music",,Instagram,
julies_lowcarb_kitch...,https://www.instagram.com/julies_lowcarb_kitchen?g=5,18629,"Reading, Sports, Music",Food,Instagram,
lizsmiles11,https://www.instagram.com/lizsmiles11,120000,"Reading, Sports, Music","Digital creator",Instagram,
onceuponasquat,https://www.instagram.com/onceuponasquat,36500,"Reading, Sports, Music",Health/beauty,Instagram,
journey2onederlnd,https://www.instagram.com/journey2onederlnd,99100,"Reading, Sports, Music","Lose weight & KE...",Instagram,
self_love_emme,https://www.instagram.com/self_love_emme,120000,"Reading, Sports, Music","Fashion Model",Instagram,
samstartshere,https://www.instagram.com/samstartshere,25100,"Reading, Sports, Music","üå± fitness + curvy f...",Instagram,
thecurvygirltrainer,https://www.instagram.com/thecurvygirltrainer/,94500,"Reading, Sports, Music",,Instagram,
darihananova,https://www.instagram.com/darihananova,67900,"Reading, Sports, Music","Fitness trainer + En...",Instagram,
megandaviesfitness,https://www.instagram.com/megandaviesfitness/,24300,"Reading, Sports, Music",,Instagram,
jeanineraine,https://www.instagram.com/jeanineraine,17600,"Reading, Sports, Music","Online Coaching ‚¨áÔ∏è",Instagram,
autumncalabrese,https://www.instagram.com/autumncalabrese/,95600,"Reading, Sports, Music",,Instagram,
athenixbody,https://www.instagram.com/athenixbody,15600,"Reading, Sports, Music",,Instagram,
the.j.hub,https://www.instagram.com/the.j.hub,17500,"Reading, Sports, Music",,Instagram,
sweat.love.soul,https://www.instagram.com/sweat.love.soul,98900,"Reading, Sports, Music","certified pilates in...",Instagram,
maintaining_megan,https://www.instagram.com/maintaining_megan/,93300,"Reading, Sports, Music",,Instagram,
lowcarb_anna,https://www.instagram.com/lowcarb_anna/,89085,"Reading, Sports, Music",,Instagram,
helpweightloss_,https://www.instagram.com/helpweightloss_/,63822,"Reading, Sports, Music",,Instagram,
_rissyroo_,https://www.instagram.com/_rissyroo_/,59600,"Reading, Sports, Music",,Instagram,
keto2fatloss,https://www.instagram.com/keto2fatloss/,65003,"Reading, Sports, Music",,Instagram,
bariatricdietitian.d...,https://www.instagram.com/bariatricdietitian.dana/,41800,"Reading, Sports, Music",,Instagram,
brittmccrystalfit,https://www.instagram.com/brittmccrystalfit/,13327,"Reading, Sports, Music",,Instagram,
mrs.stotty,https://www.instagram.com/mrs.stotty/,9745,"Reading, Sports, Music",,Instagram,
kaitlyn.marie.rd,https://www.instagram.com/kaitlyn.marie.rd/,18600,"Reading, Sports, Music",,Instagram,
mira_weightloss,https://www.instagram.com/mira_weightloss/,96224,"Reading, Sports, Music",,Instagram,
artofbariatrics,https://www.instagram.com/artofbariatrics/,6000,"Reading, Sports, Music",,Instagram,
slimmingworld,https://www.instagram.com/slimmingworld/,1003521,"Reading, Sports, Music",,Instagram,
takingmylifebackat42,https://www.instagram.com/takingmylifebackat42/?hl=en,225473,"Reading, Sports, Music",,Instagram,
weightlossguideeasy,https://www.instagram.com/weightlossguideeasy/,11743,"Reading, Sports, Music",,Instagram,
bariatric.meal.prep,https://www.instagram.com/bariatric.meal.prep/?hl=en,134925,"Reading, Sports, Music",,Instagram,
breakingbari_ers,https://www.instagram.com/breakingbari_ers/?hl=en,14469,"Reading, Sports, Music",,Instagram,
one_hungry_mother,https://www.instagram.com/one_hungry_mother/?hl=en,60132,"Reading, Sports, Music",,Instagram,
fluscheeitaway,https://www.instagram.com/fluscheeitaway/?hl=en,359435,"Reading, Sports, Music",,Instagram,
weightlosstransforma...,https://www.instagram.com/weightlosstransformations/?hl=en,540731,"Reading, Sports, Music",,Instagram,
_jens_journey_,https://www.instagram.com/_jens_journey_/,111000,"Reading, Sports, Music",,Instagram,
were.journey,https://www.instagram.com/were.journey/,104000,"Reading, Sports, Music",,Instagram,
warpath.fit,https://www.instagram.com/warpath.fit/,59355,"Reading, Sports, Music",,Instagram,
thesleeveddietitian,https://www.instagram.com/thesleeveddietitian/?hl=en,74556,"Reading, Sports, Music",,Instagram,
fl.success,https://www.instagram.com/fl.success/,62051,"Reading, Sports, Music",,Instagram,
dolphinine,https://www.instagram.com/dolphinine/?hl=en,140995,"Reading, Sports, Music",,Instagram,
overweightlosing,https://www.instagram.com/overweightlosing/,7200,"Reading, Sports, Music",,Instagram,
betterwithbrandi,https://www.instagram.com/betterwithbrandi/,19088,"Reading, Sports, Music",,Instagram,
jaymiemoran,https://www.instagram.com/jaymiemoran/,1000000,"Reading, Sports, Music",fitness,Instagram,
weightlosswithrachae...,https://www.instagram.com/weightlosswithrachael/,11900,"Reading, Sports, Music",,Instagram,
paigejohnston_fit,https://www.instagram.com/paigejohnston_fit/,119000,"Reading, Sports, Music",Fitness,Instagram,
silviamerencianopere...,https://www.instagram.com/silviamerencianoperez/,251000,"Reading, Sports, Music",Fitness,Instagram,
netta.gets.fit,https://www.instagram.com/netta.gets.fit/?hl=en,122947,"Reading, Sports, Music",,Instagram,
casinocrisis,https://www.instagram.com/casinocrisis?g=5,70229,"Reading, Sports, Music","juice recipes",Instagram,
amber_c_fitness,https://www.instagram.com/amber_c_fitness/,166752,"Reading, Sports, Music",,Instagram,
twalkdahulkfitness,https://www.instagram.com/twalkdahulkfitness/,243000,"Reading, Sports, Music",,Instagram,
redefiningstrength,https://www.instagram.com/redefiningstrength/?g=5,119000,"Reading, Sports, Music",,Instagram,
kyliehansen.vsg,https://www.instagram.com/p/CwjBE47uISy/,104000,"Reading, Sports, Music",Fitness,Instagram,
wondwellness,https://www.instagram.com/wondwellness/,114000,"Reading, Sports, Music",,Instagram,
womens.bariatric.nut...,https://www.instagram.com/womens.bariatric.nutrition/,343000,"Reading, Sports, Music",Nutrition,Instagram,
sleevednboujee,https://www.instagram.com/sleevednboujee/,383000,"Reading, Sports, Music",fitness,Instagram,
janellerohner,https://www.instagram.com/janellerohner/,543000,"Reading, Sports, Music",,Instagram,
mrsyobecerra43,https://www.instagram.com/mrsyobecerra43/,41547,"Reading, Sports, Music",,Instagram,
_skinivy,https://www.instagram.com/_skinivy/,7270,"Reading, Sports, Music","üíâMedical Weight Los...",Instagram,
tiffanyymagee,https://www.instagram.com/tiffanyymagee/,246000,"Reading, Sports, Music",,Instagram,
ketocoachbre,https://www.instagram.com/ketocoachbre/,499000,"Reading, Sports, Music",,Instagram,
latinavsg,https://www.instagram.com/latinavsg/,36100,"Reading, Sports, Music",,Instagram,
jaceylynfit,https://www.instagram.com/jaceylynfit/,24600,"Reading, Sports, Music","üçîpro CARBS and adeq...",Instagram,
weightloss.family,https://www.instagram.com/weightloss.family/,19379,"Reading, Sports, Music",,Instagram,
greensmoothies_daily,https://www.instagram.com/greensmoothies_daily/,29845,"Reading, Sports, Music",,Instagram,
sm.forweightloss,https://www.instagram.com/sm.forweightloss/,33505,"Reading, Sports, Music",,Instagram,
lasagne79_weightloss,https://www.instagram.com/lasagne79_weightloss,34622,"Reading, Sports, Music",,Instagram,
toward_better,https://www.instagram.com/toward_better/,46844,"Reading, Sports, Music",,Instagram,
getfitgirl.nl,https://www.instagram.com/getfitgirl.nl/,124823,"Reading, Sports, Music",,Instagram,
natural.healthytip,https://www.instagram.com/natural.healthytip/,3000,"Reading, Sports, Music",,Instagram,
hannahjane_slimming_...,https://www.instagram.com/hannahjane_slimming_veggie,15926,"Reading, Sports, Music",,Instagram,
ohmybari,https://www.instagram.com/ohmybari/,109252,"Reading, Sports, Music",,Instagram,
meikalacey,https://www.instagram.com/meikalacey/,23778,"Reading, Sports, Music",,Instagram,
mrsdukesfitspo,https://www.instagram.com/mrsdukesfitspo/,440000,"Reading, Sports, Music",,Instagram,
thebypassedkhaleesi,https://www.instagram.com/thebypassedkhaleesi,8706,"Reading, Sports, Music",,Instagram,
aesthetics_nutrition,https://www.instagram.com/aesthetics_nutrition/,101736,"Reading, Sports, Music",,Instagram,
fatloss_success,https://www.instagram.com/fatloss_success/,105000,"Reading, Sports, Music",,Instagram,
fitnesshelpp_,https://www.instagram.com/fitnesshelpp_/,118000,"Reading, Sports, Music",,Instagram,
nutritionschool,https://www.instagram.com/nutritionschool/,773000,"Reading, Sports, Music",,Instagram,
nutrition.tips.today,https://www.instagram.com/nutrition.tips.today/,110000,"Reading, Sports, Music",,Instagram,
ashleytrackspoints,https://www.instagram.com/ashleytrackspoints/,130000,"Reading, Sports, Music",,Instagram,
bethferacofitness,https://www.instagram.com/bethferacofitness/,145554,"Reading, Sports, Music",,Instagram,
westbaywellness,https://www.instagram.com/westbaywellness/,60900,"Reading, Sports, Music",,Instagram,
sarahinallsizes,https://www.instagram.com/sarahinallsizes/,125567,"Reading, Sports, Music",,Instagram,
we.are.eatlikeabear,https://www.instagram.com/we.are.eatlikeabear/,10800,"Reading, Sports, Music",,Instagram,
mishloveee,https://www.instagram.com/mishloveee/,88351,"Reading, Sports, Music",,Instagram,
teamhollytbaxter,https://www.instagram.com/teamhollytbaxter/,7000,"Reading, Sports, Music",,Instagram,
dr.enaka_yembe,https://www.instagram.com/dr.enaka_yembe/,119175,"Reading, Sports, Music",,Instagram,
leanneislosingit,https://www.instagram.com/leanneislosingit/,67129,"Reading, Sports, Music",,Instagram,
help2fatlose,https://www.instagram.com/help2fatlose/,25700,"Reading, Sports, Music",,Instagram,
macroswithjulie,https://www.instagram.com/macroswithjulie/,10546,"Reading, Sports, Music",,Instagram,
zivli,https://www.instagram.com/zivli/,7584,"Reading, Sports, Music",,Instagram,
christennnnn5,https://www.instagram.com/christennnnn5/,106000,"Reading, Sports, Music",,Instagram,
fatloss.factips,ansh1@infoscsience.co,141991,,"New Look",Ahmedabad,Admin
louisesjourney2.0xo,https://www.instagram.com/louisesjourney2.0xo/,49425,"Reading, Sports, Music",,Instagram,
roseswellness,https://www.instagram.com/roseswellness/,14418,"Reading, Sports, Music",,Instagram,
vegan.weightloss.nut...,https://www.instagram.com/vegan.weightloss.nutritionist/,23000,"Reading, Sports, Music",,Instagram,
maintainingkasey,https://www.instagram.com/maintainingkasey/?g=5,73371,"Reading, Sports, Music",,Instagram,
camelliawloss,https://www.instagram.com/reel/CwkjVjHy_Xs/?utm_source=ig_web_copy_link&igshid=MzRlODBiNWFlZA==,140000,"Reading, Sports, Music",,Instagram,
fb_workoutcomplete,https://www.instagram.com/p/B7CUcEvnt1e/?utm_source=ig_web_copy_link&igshid=MzRlODBiNWFlZA==,1501000,"Reading, Sports, Music",,Instagram,
fitnessblender,https://www.instagram.com/p/Cwkd-xyMKTp/?utm_source=ig_web_copy_link&igshid=MzRlODBiNWFlZA==,301000,"Reading, Sports, Music",,Instagram,
shannonswinscoe,https://www.instagram.com/shannonswinscoe/#,53600,"Reading, Sports, Music",,Instagram,
mummyjuggler,https://www.instagram.com/mummyjuggler/,35845,"Reading, Sports, Music",,Instagram,
loseup.pounds,https://www.instagram.com/loseup.pounds/,48800,"Reading, Sports, Music",,Instagram,
joshuajterrazas,https://www.instagram.com/joshuajterrazas/?g=5,12672,"Reading, Sports, Music",,Instagram,
"Keith D Washington",https://www.instagram.com/k00lkeith/,165413,"Reading, Sports, Music",,Instagram,
georgebamfojr,https://www.instagram.com/georgebamfojr/,1906250,"Reading, Sports, Music",,Instagram,
ashtonhallofficial,https://www.instagram.com/ashtonhallofficial/,2278000,"Reading, Sports, Music",,Instagram,
_badmanmo,https://www.instagram.com/_badmanmo/?g=5,146776,"Reading, Sports, Music",,Instagram,
wl.formula.usa,https://www.instagram.com/wl.formula.usa/,49259,"Reading, Sports, Music",,Instagram,
bjarnson_fitness,https://www.instagram.com/bjarnson_fitness/,438174,"Reading, Sports, Music",,Instagram,
hansonshannon,https://www.instagram.com/hansonshannon/,103847,"Reading, Sports, Music",,Instagram,
makayla_thomas_fit,https://www.instagram.com/makayla_thomas_fit/,669023,"Reading, Sports, Music",,Instagram,
katiemoorewellness,https://www.instagram.com/katiemoorewellness/,257585,"Reading, Sports, Music",,Instagram,
kristina_chauhan,https://www.instagram.com/kristina_chauhan/,80367,"Reading, Sports, Music",,Instagram,
hormone.weightloss,https://www.instagram.com/hormone.weightloss/?g=5,123544,"Reading, Sports, Music",,Instagram,
coach.bluee,https://www.instagram.com/coach.bluee/?g=5,1519492,"Reading, Sports, Music",fitness,Instagram,
valentine_bros,https://www.instagram.com/valentine_bros/,28791,"Reading, Sports, Music",,Instagram,
jswanmoves,https://www.instagram.com/reel/CwfO9RtgcMm/?utm_source=ig_web_copy_link,104000,"Reading, Sports, Music",,Instagram,
laurengeorgefitness,https://www.instagram.com/p/CvMyXl1gGvS/?utm_source=ig_web_copy_link,115000,"Reading, Sports, Music",,Instagram,
syd_journey,https://www.instagram.com/reel/CoAo3WQDA8o/?utm_source=ig_web_copy_link,111000,"Reading, Sports, Music",,Instagram,
ripped.ramirez,https://www.instagram.com/ripped.ramirez/,32200,"Reading, Sports, Music",,Instagram,
ericogle_,https://www.instagram.com/ericogle_/,101097,"Reading, Sports, Music",,Instagram,
senada.greca,https://www.instagram.com/senada.greca/,4600000,"Reading, Sports, Music",,Instagram,
shizzylifts,https://www.instagram.com/shizzylifts/,1333201,"Reading, Sports, Music",,Instagram,
maxtaylorlifts,https://www.instagram.com/maxtaylorlifts/,1673000,"Reading, Sports, Music",,Instagram,
alex_eubank15,https://www.instagram.com/alex_eubank15/,2714290,"Reading, Sports, Music",,Instagram,
larrywheels,https://www.instagram.com/larrywheels/,4796608,"Reading, Sports, Music",,Instagram,
iamsugashack,https://www.instagram.com/iamsugashack/,79630,"Reading, Sports, Music",,Instagram,
the_atlanta_aestheti...,https://www.instagram.com/the_atlanta_aesthetician/,61000,"Reading, Sports, Music",,Instagram,
yummee.with.amee,https://www.instagram.com/yummee.with.amee,32000,"Reading, Sports, Music",,Instagram,
keynutrition,https://www.instagram.com/keynutrition/,7816,"Reading, Sports, Music",,Instagram,
brandonjohnsonfit,https://www.instagram.com/brandonjohnsonfit/,13488,"Reading, Sports, Music",,Instagram,
myathleticadvantage,https://www.instagram.com/myathleticadvantage/,13000,"Reading, Sports, Music",fitness,Instagram,
hanahraejones,https://www.instagram.com/hanahraejones/,200000,"Reading, Sports, Music",fitness,Instagram,
thefitnesspaper,https://www.instagram.com/thefitnesspaper/,125831,"Reading, Sports, Music",,Instagram,
taylorfrazierfit,https://www.instagram.com/taylorfrazierfit/,31000,"Reading, Sports, Music",fitness,Instagram,
lexijwellness,https://www.instagram.com/lexijwellness/,138000,"Reading, Sports, Music",fitness,Instagram,
manflowyoga,https://www.instagram.com/manflowyoga/,370000,"Reading, Sports, Music",fitness,Instagram,
thebrookscoleman,https://www.instagram.com/thebrookscoleman/,46000,"Reading, Sports, Music",fitness,Instagram,
coachdrefit,https://www.instagram.com/coachdrefit/,201576,"Reading, Sports, Music",fitness,Instagram,
chazspackman,https://www.instagram.com/chazspackman/,31000,"Reading, Sports, Music",fitness,Instagram,
rissarecharged,https://www.instagram.com/rissarecharged/,28635,"Reading, Sports, Music",,Instagram,
emilyslimmingworldjo...,https://www.instagram.com/emilyslimmingworldjourney2021/,25641,"Reading, Sports, Music",,Instagram,
jodies__journey,https://www.instagram.com/jodies__journey/,21529,"Reading, Sports, Music",,Instagram,
nichole_simplifiedfi...,https://www.instagram.com/nichole_simplifiedfit/,133143,"Reading, Sports, Music",,Instagram,
isabellacamille_,https://www.instagram.com/isabellacamille_/,30782,"Reading, Sports, Music",,Instagram,
deangelomarquis,https://www.instagram.com/p/Clg7WHwjctC/,13636,"Reading, Sports, Music",,Instagram,
ashleysnextchapter,https://www.instagram.com/p/CwUzpsYtTu_/,93368,"Reading, Sports, Music",,Instagram,
duh.myya,https://www.instagram.com/duh.myya/,40862,"Reading, Sports, Music",,Instagram,
chrismoefitt,https://www.instagram.com/chrismoefitt/,52715,"Reading, Sports, Music",,Instagram,
livefitlolo,https://www.instagram.com/p/CwS7D4nu7Jv/,10843,"Reading, Sports, Music",,Instagram,
jasminemays,https://www.instagram.com/p/CwTzZv0IBcw/,341185,"Reading, Sports, Music",,Instagram,
simba.lk44,https://www.instagram.com/reel/CwS-rXAr5yB/,124430,"Reading, Sports, Music",,Instagram,
justworkfit,https://www.instagram.com/justworkfit/,55159,"Reading, Sports, Music",,Instagram,
thattrainerjosh,https://www.instagram.com/thattrainerjosh,210105,"Reading, Sports, Music",,Instagram,
georgegatsby3,https://www.instagram.com/georgegatsby3/,16664,"Reading, Sports, Music",,Instagram,
hannaheden_fitness,https://www.instagram.com/reel/CwSxjm4MNT1/?utm_source=ig_web_copy_link&igshid=MzRlODBiNWFlZA==,,"Reading, Sports, Music",,Instagram,
finding_torikins,https://www.instagram.com/p/CwVAwcrN54A/,12189,"Reading, Sports, Music",,Instagram,
weightloss_fatloss,https://www.instagram.com/p/Cl7HFNBv36J/?utm_source=ig_web_copy_link&igshid=MzRlODBiNWFlZA==,183000,"Reading, Sports, Music",,Instagram,
prosecco.lifeandme.x,https://www.instagram.com/prosecco.lifeandme.x/,23064,"Reading, Sports, Music",,Instagram,
"Kelsey Kitzman",https://www.instagram.com/kelseyjfit/,39059,"Reading, Sports, Music",,Instagram,
"Nick Hardwick",https://www.instagram.com/nickhardwick/,34683,"Reading, Sports, Music",,Instagram,
"Mike Dewar",https://www.instagram.com/mikejdewar,20161,"Reading, Sports, Music",,Instagram,
melissajane_fit,https://www.instagram.com/melissajane_fit/,43907,"Reading, Sports, Music",,Instagram,
healthy4beginner,https://www.instagram.com/healthy4beginner/,135560,"Reading, Sports, Music",,Instagram,
healthtutorial,https://www.instagram.com/healthtutorial/,1196303,"Reading, Sports, Music",,Instagram,
fitmethods,https://www.instagram.com/fitmethods/,2139659,"Reading, Sports, Music",,Instagram,
larryygonzalezz,https://www.instagram.com/larryygonzalezz/,88000,"Reading, Sports, Music",fitness,Instagram,
the.worldfitness.ig,https://www.instagram.com/the.worldfitness.ig/,30300,"Reading, Sports, Music",,Instagram,
dr.megan_everybodysf...,https://www.instagram.com/dr.megan_everybodysfit/,32300,"Reading, Sports, Music","Fitness Model",Instagram,
"Sebastian Betancur",https://www.instagram.com/iamsebastianbetancur/,172470,"Reading, Sports, Music",,Instagram,
getfitwithmer_,https://www.instagram.com/getfitwithmer_/,191000,"Reading, Sports, Music",fitness,Instagram,
"HAWA MUYA",https://www.instagram.com/hawa_omuya/,12076,"Reading, Sports, Music",,Instagram,
neeleesmacrosandmusc...,https://www.instagram.com/neeleesmacrosandmuscles/,205155,"Reading, Sports, Music",Muscles,Instagram,
thesoberbodybuilder,https://www.instagram.com/thesoberbodybuilder/,129452,"Reading, Sports, Music",,Instagram,
100pointsaday,https://www.instagram.com/100pointsaday/,8413,"Reading, Sports, Music",,Instagram,
sherry.anna.shares,https://www.instagram.com/sherry.anna.shares/,11000,"Reading, Sports, Music","weight loss",Instagram,
"Rob Spinella",https://www.instagram.com/p/CwP_T8GpXSM/,67073,"Reading, Sports, Music",,Instagram,
fitfinoj,https://www.instagram.com/p/CwSWiW1rSUG/?utm_source=ig_web_copy_link&igshid=MzRlODBiNWFlZA==,416000,"Reading, Sports, Music",,Instagram,
"Brooks Coleman",https://www.instagram.com/p/CwSiKwSLQbu/,46101,"Reading, Sports, Music","weight lose",Instagram,
__mei.ling,https://www.instagram.com/__mei.ling/,48000,"Reading, Sports, Music",fitness,Instagram,
transforming_kylie,https://www.instagram.com/transforming_kylie/,41400,"Reading, Sports, Music","Health & Mindset...",Instagram,
johnreedfitness_us,https://www.instagram.com/johnreedfitness_us/,42800,"Reading, Sports, Music","JOHN REED Fitness US...",Instagram,
"shaynikkole's p...",https://www.instagram.com/shaynikkole/,24300,"Reading, Sports, Music","Nutritionist Lose w...",Instagram,
"Ashley Sterling",https://www.instagram.com/sweat.love.and.macros/,74110,"Reading, Sports, Music",,Instagram,
gaugegirltraining,https://www.instagram.com/gaugegirltraining/,113344,"Reading, Sports, Music",,Instagram,
vatcheshakarian,https://www.instagram.com/vatcheshakarian/,76646,"Reading, Sports, Music",,Instagram,
iamadoria,https://www.instagram.com/iamadoria/,126000,"Reading, Sports, Music",fitness,Instagram,
weightloss_for_begin...,https://www.instagram.com/weightloss_for_beginners/,10300,"Reading, Sports, Music",,Instagram,
hellojosieliz,https://www.instagram.com/p/CwNkP6FKhs-/,148644,"Reading, Sports, Music",,Instagram,
dejafit_official,https://www.instagram.com/dejafit_official/,153831,"Reading, Sports, Music",,Instagram,
iammissfaye,https://www.instagram.com/iammissfaye/,17000,"Reading, Sports, Music",weightloss,Instagram,
john_mccabe15,https://www.instagram.com/john_mccabe15/,21875,"Reading, Sports, Music",,Instagram,
sinakatarina,https://www.instagram.com/sinakatarina/,118000,"Reading, Sports, Music",fitness,Instagram,
"Ansh Prasad",ansh1@infoscience.co,,,,,
"Ansh Prasad",ansh2@infoscience.co,9832573449,"reading,sports",Ahmedabad,Ahmedabad,
